<?xml version="1.0" encoding="UTF-8"?>
<schemalist>
  <schema id="com.linuxmint.updates" path="/com/linuxmint/updates/">
    <key type="b" name="show-welcome-page">
      <default>true</default>
      <summary></summary>
      <description></description>
    </key>
    <key type="b" name="hide-window-after-update">
      <default>false</default>
      <summary></summary>
      <description></description>
    </key>
    <key type="b" name="hide-systray">
      <default>false</default>
      <summary></summary>
      <description></description>
    </key>
    <key type="b" name="default-repo-is-ok">
      <default>false</default>
      <summary></summary>
      <description></description>
    </key>
    <key type="as" name="blacklisted-packages">
      <default>[]</default>
      <summary></summary>
      <description></description>
    </key>
    <key type="b" name="refresh-schedule-enabled">
      <default>true</default>
      <summary></summary>
      <description></description>
    </key>
    <key type="i" name="refresh-last-run">
      <default>0</default>
      <summary></summary>
      <description></description>
    </key>
    <key type="i" name="install-last-run">
      <default>0</default>
      <summary></summary>
      <description></description>
    </key>
    <key type="i" name="refresh-days">
      <default>0</default>
      <summary></summary>
      <description></description>
    </key>
    <key type="i" name="refresh-hours">
      <default>0</default>
      <summary></summary>
      <description></description>
    </key>
    <key type="i" name="refresh-minutes">
      <default>10</default>
      <summary></summary>
      <description></description>
    </key>
    <key type="i" name="autorefresh-days">
      <default>0</default>
      <summary></summary>
      <description></description>
    </key>
    <key type="i" name="autorefresh-hours">
      <default>2</default>
      <summary></summary>
      <description></description>
    </key>
    <key type="i" name="autorefresh-minutes">
      <default>0</default>
      <summary></summary>
      <description></description>
    </key>
    <key type="b" name="show-type-column">
      <default>true</default>
      <summary></summary>
      <description></description>
    </key>
    <key type="b" name="show-package-column">
      <default>true</default>
      <summary></summary>
      <description></description>
    </key>
    <key type="b" name="show-old-version-column">
      <default>false</default>
      <summary></summary>
      <description></description>
    </key>
    <key type="b" name="show-new-version-column">
      <default>true</default>
      <summary></summary>
      <description></description>
    </key>
    <key type="b" name="show-size-column">
      <default>false</default>
      <summary></summary>
      <description></description>
    </key>
    <key type="b" name="show-origin-column">
      <default>false</default>
      <summary></summary>
      <description></description>
    </key>
    <key type="b" name="show-descriptions">
      <default>true</default>
      <summary></summary>
      <description></description>
    </key>
    <key type="i" name="window-width">
      <default>790</default>
      <summary></summary>
      <description></description>
    </key>
    <key type="i" name="window-height">
      <default>570</default>
      <summary></summary>
      <description></description>
    </key>
    <key type="i" name="window-pane-position">
      <default>344</default>
      <summary></summary>
      <description></description>
    </key>
    <key type="b" name="hide-kernel-update-warning">
      <default>false</default>
      <summary></summary>
      <description></description>
    </key>
    <key type="b" name="allow-kernel-type-selection">
      <default>false</default>
      <summary></summary>
      <description></description>
    </key>
    <key type="s" name="selected-kernel-type">
      <default>"-generic"</default>
      <summary></summary>
      <description></description>
    </key>
    <key type="b" name="tracker-disable-notifications">
      <default>false</default>
      <summary></summary>
      <description></description>
    </key>
    <key type="b" name="tracker-security-only">
      <default>true</default>
      <summary></summary>
      <description></description>
    </key>
    <key type="i" name="tracker-max-days">
      <default>7</default>
      <summary></summary>
      <description></description>
    </key>
    <key type="i" name="tracker-max-age">
      <default>15</default>
      <summary></summary>
      <description></description>
    </key>
    <key type="i" name="tracker-grace-period">
      <default>30</default>
      <summary></summary>
      <description></description>
    </key>
    <key type="i" name="tracker-days-between-notifications">
      <default>2</default>
      <summary></summary>
      <description></description>
    </key>
    <key type="b" name="auto-update-flatpaks">
      <default>false</default>
      <summary></summary>
      <description></description>
    </key>
    <key type="b" name="auto-update-cinnamon-spices">
      <default>false</default>
      <summary></summary>
      <description></description>
    </key>
  </schema>
</schemalist>
